--------------------------------------------------------
--  File created - Thursday-January-15-2015   
--------------------------------------------------------
DROP TABLE "BD_USER"."ADDRESSES" cascade constraints;
DROP TABLE "BD_USER"."CARS_FOR_SALE" cascade constraints;
DROP TABLE "BD_USER"."CARS_SOLD" cascade constraints;
DROP TABLE "BD_USER"."CAR_FEATURES" cascade constraints;
DROP TABLE "BD_USER"."CUSTOMERS" cascade constraints;
DROP TABLE "BD_USER"."CUSTOMER_PAYMENTS" cascade constraints;
DROP TABLE "BD_USER"."CUSTOMER_PREFERENCES" cascade constraints;
DROP TABLE "BD_USER"."INVOICES" cascade constraints;
DROP TABLE "BD_USER"."USERS" cascade constraints;
DROP SEQUENCE "BD_USER"."FEATURES_INCREMENT";
DROP SEQUENCE "BD_USER"."INCREMENT_ADDRESS";
DROP SEQUENCE "BD_USER"."INCREMENT_CUSTOMER";
DROP SEQUENCE "BD_USER"."INCREMENT_PAYMENTS";
DROP SEQUENCE "BD_USER"."INCREMENT_PREFERENCES";
DROP SEQUENCE "BD_USER"."INCREMENT_SOLD";
DROP SEQUENCE "BD_USER"."SALE_INCREMENT";
--------------------------------------------------------
--  DDL for Sequence FEATURES_INCREMENT
--------------------------------------------------------

   CREATE SEQUENCE  "BD_USER"."FEATURES_INCREMENT"  MINVALUE 1 MAXVALUE 9999999999999999999999999999 INCREMENT BY 1 START WITH 18021 CACHE 20 NOORDER  NOCYCLE  NOPARTITION ;
--------------------------------------------------------
--  DDL for Sequence INCREMENT_ADDRESS
--------------------------------------------------------

   CREATE SEQUENCE  "BD_USER"."INCREMENT_ADDRESS"  MINVALUE 1 MAXVALUE 9999999999999999999999999999 INCREMENT BY 100 START WITH 5900 CACHE 20 NOORDER  NOCYCLE  NOPARTITION ;
--------------------------------------------------------
--  DDL for Sequence INCREMENT_CUSTOMER
--------------------------------------------------------

   CREATE SEQUENCE  "BD_USER"."INCREMENT_CUSTOMER"  MINVALUE 1 MAXVALUE 9999999999999999999999999999 INCREMENT BY 1 START WITH 149 CACHE 20 NOORDER  NOCYCLE  NOPARTITION ;
--------------------------------------------------------
--  DDL for Sequence INCREMENT_PAYMENTS
--------------------------------------------------------

   CREATE SEQUENCE  "BD_USER"."INCREMENT_PAYMENTS"  MINVALUE 1 MAXVALUE 9999999999999999999999999999 INCREMENT BY 100 START WITH 52100 CACHE 20 NOORDER  NOCYCLE  NOPARTITION ;
--------------------------------------------------------
--  DDL for Sequence INCREMENT_PREFERENCES
--------------------------------------------------------

   CREATE SEQUENCE  "BD_USER"."INCREMENT_PREFERENCES"  MINVALUE 1 MAXVALUE 9999999999999999999999999999 INCREMENT BY 100 START WITH 24100 CACHE 20 NOORDER  NOCYCLE  NOPARTITION ;
--------------------------------------------------------
--  DDL for Sequence INCREMENT_SOLD
--------------------------------------------------------

   CREATE SEQUENCE  "BD_USER"."INCREMENT_SOLD"  MINVALUE 1 MAXVALUE 9999999999999999999999999999 INCREMENT BY 100 START WITH 44100 CACHE 20 NOORDER  NOCYCLE  NOPARTITION ;
--------------------------------------------------------
--  DDL for Sequence SALE_INCREMENT
--------------------------------------------------------

   CREATE SEQUENCE  "BD_USER"."SALE_INCREMENT"  MINVALUE 1 MAXVALUE 9999999999999999999999999999 INCREMENT BY 1 START WITH 30021 CACHE 20 NOORDER  NOCYCLE  NOPARTITION ;
--------------------------------------------------------
--  DDL for Table ADDRESSES
--------------------------------------------------------

  CREATE TABLE "BD_USER"."ADDRESSES" 
   (	"ADDRESS_ID" NUMBER, 
	"CUSTOMER_ID" NUMBER, 
	"ADDRESS" VARCHAR2(255 BYTE), 
	"TOWN_CITY" VARCHAR2(50 BYTE), 
	"COUNTRY" VARCHAR2(50 BYTE), 
	"POST_CODE" VARCHAR2(50 BYTE), 
	"OTHER" VARCHAR2(255 BYTE)
   ) SEGMENT CREATION IMMEDIATE 
  PCTFREE 10 PCTUSED 40 INITRANS 1 MAXTRANS 255 
 NOCOMPRESS LOGGING
  STORAGE(INITIAL 65536 NEXT 1048576 MINEXTENTS 1 MAXEXTENTS 2147483645
  PCTINCREASE 0 FREELISTS 1 FREELIST GROUPS 1
  BUFFER_POOL DEFAULT FLASH_CACHE DEFAULT CELL_FLASH_CACHE DEFAULT)
  TABLESPACE "USERS" ;
--------------------------------------------------------
--  DDL for Table CARS_FOR_SALE
--------------------------------------------------------

  CREATE TABLE "BD_USER"."CARS_FOR_SALE" 
   (	"CAR_FOR_SALE_ID" NUMBER, 
	"MANUFACTURER_NAME" VARCHAR2(50 BYTE), 
	"MODEL_NAME" VARCHAR2(50 BYTE), 
	"VEHICLE_CATEGORY" VARCHAR2(50 BYTE), 
	"ASKING_PRICE" NUMBER, 
	"CURRENT_MILEAGE" NUMBER, 
	"DATE_ACQUIRED" DATE, 
	"CAR_FEATURES_ID" NUMBER
   ) SEGMENT CREATION IMMEDIATE 
  PCTFREE 10 PCTUSED 40 INITRANS 1 MAXTRANS 255 
 NOCOMPRESS LOGGING
  STORAGE(INITIAL 65536 NEXT 1048576 MINEXTENTS 1 MAXEXTENTS 2147483645
  PCTINCREASE 0 FREELISTS 1 FREELIST GROUPS 1
  BUFFER_POOL DEFAULT FLASH_CACHE DEFAULT CELL_FLASH_CACHE DEFAULT)
  TABLESPACE "USERS" ;
--------------------------------------------------------
--  DDL for Table CARS_SOLD
--------------------------------------------------------

  CREATE TABLE "BD_USER"."CARS_SOLD" 
   (	"CAR_SOLD_ID" NUMBER, 
	"CAR_FOR_SALE_ID" NUMBER, 
	"AGREED_PRICE" NUMBER, 
	"DATE_SOLD" DATE, 
	"OTHER_DETAILS" VARCHAR2(255 BYTE), 
	"CUSTOMER_ID" NUMBER
   ) SEGMENT CREATION IMMEDIATE 
  PCTFREE 10 PCTUSED 40 INITRANS 1 MAXTRANS 255 
 NOCOMPRESS LOGGING
  STORAGE(INITIAL 65536 NEXT 1048576 MINEXTENTS 1 MAXEXTENTS 2147483645
  PCTINCREASE 0 FREELISTS 1 FREELIST GROUPS 1
  BUFFER_POOL DEFAULT FLASH_CACHE DEFAULT CELL_FLASH_CACHE DEFAULT)
  TABLESPACE "USERS" ;
--------------------------------------------------------
--  DDL for Table CAR_FEATURES
--------------------------------------------------------

  CREATE TABLE "BD_USER"."CAR_FEATURES" 
   (	"CAR_FEATURE_ID" NUMBER, 
	"CAR_FEATURE_DESCRIPTION" VARCHAR2(255 BYTE)
   ) SEGMENT CREATION IMMEDIATE 
  PCTFREE 10 PCTUSED 40 INITRANS 1 MAXTRANS 255 
 NOCOMPRESS LOGGING
  STORAGE(INITIAL 65536 NEXT 1048576 MINEXTENTS 1 MAXEXTENTS 2147483645
  PCTINCREASE 0 FREELISTS 1 FREELIST GROUPS 1
  BUFFER_POOL DEFAULT FLASH_CACHE DEFAULT CELL_FLASH_CACHE DEFAULT)
  TABLESPACE "USERS" ;
--------------------------------------------------------
--  DDL for Table CUSTOMERS
--------------------------------------------------------

  CREATE TABLE "BD_USER"."CUSTOMERS" 
   (	"CUSTOMER_ID" NUMBER, 
	"PHONE" NUMBER, 
	"EMAIL" VARCHAR2(45 BYTE), 
	"OTHER" VARCHAR2(255 BYTE), 
	"FIRSTNAME" VARCHAR2(45 BYTE), 
	"LASTNAME" VARCHAR2(45 BYTE)
   ) SEGMENT CREATION IMMEDIATE 
  PCTFREE 10 PCTUSED 40 INITRANS 1 MAXTRANS 255 
 NOCOMPRESS LOGGING
  STORAGE(INITIAL 65536 NEXT 1048576 MINEXTENTS 1 MAXEXTENTS 2147483645
  PCTINCREASE 0 FREELISTS 1 FREELIST GROUPS 1
  BUFFER_POOL DEFAULT FLASH_CACHE DEFAULT CELL_FLASH_CACHE DEFAULT)
  TABLESPACE "USERS" ;
--------------------------------------------------------
--  DDL for Table CUSTOMER_PAYMENTS
--------------------------------------------------------

  CREATE TABLE "BD_USER"."CUSTOMER_PAYMENTS" 
   (	"CUSTOMER_PAYMENT_ID" NUMBER, 
	"CAR_SOLD_ID" NUMBER, 
	"CUSTOMER_ID" NUMBER, 
	"PAYMENT_STATUS" VARCHAR2(50 BYTE), 
	"CUSTOMER_PAYMENT_DATE" DATE
   ) SEGMENT CREATION IMMEDIATE 
  PCTFREE 10 PCTUSED 40 INITRANS 1 MAXTRANS 255 
 NOCOMPRESS LOGGING
  STORAGE(INITIAL 65536 NEXT 1048576 MINEXTENTS 1 MAXEXTENTS 2147483645
  PCTINCREASE 0 FREELISTS 1 FREELIST GROUPS 1
  BUFFER_POOL DEFAULT FLASH_CACHE DEFAULT CELL_FLASH_CACHE DEFAULT)
  TABLESPACE "USERS" ;
--------------------------------------------------------
--  DDL for Table CUSTOMER_PREFERENCES
--------------------------------------------------------

  CREATE TABLE "BD_USER"."CUSTOMER_PREFERENCES" 
   (	"CUSTOMER_PREFERENCE_ID" NUMBER, 
	"CAR_FEATURE_ID" NUMBER, 
	"CUSTOMER_ID" NUMBER, 
	"CUSTOMER_PREF_DETAILS" VARCHAR2(255 BYTE)
   ) SEGMENT CREATION IMMEDIATE 
  PCTFREE 10 PCTUSED 40 INITRANS 1 MAXTRANS 255 
 NOCOMPRESS LOGGING
  STORAGE(INITIAL 65536 NEXT 1048576 MINEXTENTS 1 MAXEXTENTS 2147483645
  PCTINCREASE 0 FREELISTS 1 FREELIST GROUPS 1
  BUFFER_POOL DEFAULT FLASH_CACHE DEFAULT CELL_FLASH_CACHE DEFAULT)
  TABLESPACE "USERS" ;
--------------------------------------------------------
--  DDL for Table INVOICES
--------------------------------------------------------

  CREATE TABLE "BD_USER"."INVOICES" 
   (	"CUSTOMER_ID" NUMBER, 
	"CAR_SOLD_ID" NUMBER, 
	"CUSTOMER_PAYMENT_ID" NUMBER
   ) SEGMENT CREATION IMMEDIATE 
  PCTFREE 10 PCTUSED 40 INITRANS 1 MAXTRANS 255 
 NOCOMPRESS LOGGING
  STORAGE(INITIAL 65536 NEXT 1048576 MINEXTENTS 1 MAXEXTENTS 2147483645
  PCTINCREASE 0 FREELISTS 1 FREELIST GROUPS 1
  BUFFER_POOL DEFAULT FLASH_CACHE DEFAULT CELL_FLASH_CACHE DEFAULT)
  TABLESPACE "USERS" ;
--------------------------------------------------------
--  DDL for Table USERS
--------------------------------------------------------

  CREATE TABLE "BD_USER"."USERS" 
   (	"USERNAME" VARCHAR2(20 BYTE), 
	"PASSWORD" VARCHAR2(20 BYTE), 
	"AUTHENTICATED" NUMBER(*,0)
   ) SEGMENT CREATION IMMEDIATE 
  PCTFREE 10 PCTUSED 40 INITRANS 1 MAXTRANS 255 
 NOCOMPRESS LOGGING
  STORAGE(INITIAL 65536 NEXT 1048576 MINEXTENTS 1 MAXEXTENTS 2147483645
  PCTINCREASE 0 FREELISTS 1 FREELIST GROUPS 1
  BUFFER_POOL DEFAULT FLASH_CACHE DEFAULT CELL_FLASH_CACHE DEFAULT)
  TABLESPACE "USERS" ;
REM INSERTING into BD_USER.ADDRESSES
SET DEFINE OFF;
Insert into BD_USER.ADDRESSES (ADDRESS_ID,CUSTOMER_ID,ADDRESS,TOWN_CITY,COUNTRY,POST_CODE,OTHER) values (1000,100,'1297 Via Cola di Rie','Roma','Italy','00989',null);
Insert into BD_USER.ADDRESSES (ADDRESS_ID,CUSTOMER_ID,ADDRESS,TOWN_CITY,COUNTRY,POST_CODE,OTHER) values (1100,101,'93091 Calle della Testa','Venice','Italy','10934',null);
Insert into BD_USER.ADDRESSES (ADDRESS_ID,CUSTOMER_ID,ADDRESS,TOWN_CITY,COUNTRY,POST_CODE,OTHER) values (1200,102,'2017 Shinjuku-ku','Tokyo','Japan','1689',null);
Insert into BD_USER.ADDRESSES (ADDRESS_ID,CUSTOMER_ID,ADDRESS,TOWN_CITY,COUNTRY,POST_CODE,OTHER) values (1300,103,'9450 Kamiya-cho','Hiroshima','Japan','6823',null);
Insert into BD_USER.ADDRESSES (ADDRESS_ID,CUSTOMER_ID,ADDRESS,TOWN_CITY,COUNTRY,POST_CODE,OTHER) values (1400,104,'2014 Jabberwocky Rd','Texas','USA','26192',null);
Insert into BD_USER.ADDRESSES (ADDRESS_ID,CUSTOMER_ID,ADDRESS,TOWN_CITY,COUNTRY,POST_CODE,OTHER) values (1500,105,'2011 Interiors Blvd','California','USA','99236',null);
Insert into BD_USER.ADDRESSES (ADDRESS_ID,CUSTOMER_ID,ADDRESS,TOWN_CITY,COUNTRY,POST_CODE,OTHER) values (1600,106,'2007 Zagora St','New Jersey','USA','50090',null);
Insert into BD_USER.ADDRESSES (ADDRESS_ID,CUSTOMER_ID,ADDRESS,TOWN_CITY,COUNTRY,POST_CODE,OTHER) values (1700,107,'2004 Charade Rd','Washington','USA','98199',null);
Insert into BD_USER.ADDRESSES (ADDRESS_ID,CUSTOMER_ID,ADDRESS,TOWN_CITY,COUNTRY,POST_CODE,OTHER) values (1800,108,'147 Spadina Ave','Ontario','Canada','M5V 2L7',null);
REM INSERTING into BD_USER.CARS_FOR_SALE
SET DEFINE OFF;
Insert into BD_USER.CARS_FOR_SALE (CAR_FOR_SALE_ID,MANUFACTURER_NAME,MODEL_NAME,VEHICLE_CATEGORY,ASKING_PRICE,CURRENT_MILEAGE,DATE_ACQUIRED,CAR_FEATURES_ID) values (30008,'Dacia','Logan','5 usi',3400,50400,to_date('01-JAN-08','DD-MON-RR'),18001);
Insert into BD_USER.CARS_FOR_SALE (CAR_FOR_SALE_ID,MANUFACTURER_NAME,MODEL_NAME,VEHICLE_CATEGORY,ASKING_PRICE,CURRENT_MILEAGE,DATE_ACQUIRED,CAR_FEATURES_ID) values (30000,'Ford','Fiesta','Break',5500,1500,to_date('05-FEB-98','DD-MON-RR'),10000);
Insert into BD_USER.CARS_FOR_SALE (CAR_FOR_SALE_ID,MANUFACTURER_NAME,MODEL_NAME,VEHICLE_CATEGORY,ASKING_PRICE,CURRENT_MILEAGE,DATE_ACQUIRED,CAR_FEATURES_ID) values (31000,'Ford','Mondeo','Berlina',7000,10000,to_date('05-JUL-10','DD-MON-RR'),11000);
Insert into BD_USER.CARS_FOR_SALE (CAR_FOR_SALE_ID,MANUFACTURER_NAME,MODEL_NAME,VEHICLE_CATEGORY,ASKING_PRICE,CURRENT_MILEAGE,DATE_ACQUIRED,CAR_FEATURES_ID) values (32000,'Opel','Astra','Berlina 5 usi',9000,50000,to_date('03-MAR-09','DD-MON-RR'),12000);
Insert into BD_USER.CARS_FOR_SALE (CAR_FOR_SALE_ID,MANUFACTURER_NAME,MODEL_NAME,VEHICLE_CATEGORY,ASKING_PRICE,CURRENT_MILEAGE,DATE_ACQUIRED,CAR_FEATURES_ID) values (33000,'Opel','Astra','Berlina 5 usi',9000,57000,to_date('03-JUL-09','DD-MON-RR'),13000);
Insert into BD_USER.CARS_FOR_SALE (CAR_FOR_SALE_ID,MANUFACTURER_NAME,MODEL_NAME,VEHICLE_CATEGORY,ASKING_PRICE,CURRENT_MILEAGE,DATE_ACQUIRED,CAR_FEATURES_ID) values (34000,'Opel','Insignia','Break 4 usi',13000,83000,to_date('03-JUL-11','DD-MON-RR'),14000);
Insert into BD_USER.CARS_FOR_SALE (CAR_FOR_SALE_ID,MANUFACTURER_NAME,MODEL_NAME,VEHICLE_CATEGORY,ASKING_PRICE,CURRENT_MILEAGE,DATE_ACQUIRED,CAR_FEATURES_ID) values (35000,'Dacia','Logan','Berlina 5 usi',5000,92000,to_date('11-MAY-10','DD-MON-RR'),15000);
Insert into BD_USER.CARS_FOR_SALE (CAR_FOR_SALE_ID,MANUFACTURER_NAME,MODEL_NAME,VEHICLE_CATEGORY,ASKING_PRICE,CURRENT_MILEAGE,DATE_ACQUIRED,CAR_FEATURES_ID) values (36000,'Skoda','Octavia','Berlina 5 usi',5000,182000,to_date('19-SEP-02','DD-MON-RR'),16000);
Insert into BD_USER.CARS_FOR_SALE (CAR_FOR_SALE_ID,MANUFACTURER_NAME,MODEL_NAME,VEHICLE_CATEGORY,ASKING_PRICE,CURRENT_MILEAGE,DATE_ACQUIRED,CAR_FEATURES_ID) values (37000,'Skoda','Octavia','Berlina 4 usi',5000,132000,to_date('06-DEC-02','DD-MON-RR'),17000);
REM INSERTING into BD_USER.CARS_SOLD
SET DEFINE OFF;
Insert into BD_USER.CARS_SOLD (CAR_SOLD_ID,CAR_FOR_SALE_ID,AGREED_PRICE,DATE_SOLD,OTHER_DETAILS,CUSTOMER_ID) values (40000,30000,4000,to_date('05-FEB-13','DD-MON-RR'),null,100);
Insert into BD_USER.CARS_SOLD (CAR_SOLD_ID,CAR_FOR_SALE_ID,AGREED_PRICE,DATE_SOLD,OTHER_DETAILS,CUSTOMER_ID) values (41000,31000,7000,to_date('05-FEB-13','DD-MON-RR'),null,101);
Insert into BD_USER.CARS_SOLD (CAR_SOLD_ID,CAR_FOR_SALE_ID,AGREED_PRICE,DATE_SOLD,OTHER_DETAILS,CUSTOMER_ID) values (42000,32000,8000,to_date('28-FEB-12','DD-MON-RR'),null,102);
Insert into BD_USER.CARS_SOLD (CAR_SOLD_ID,CAR_FOR_SALE_ID,AGREED_PRICE,DATE_SOLD,OTHER_DETAILS,CUSTOMER_ID) values (43000,33000,9000,to_date('18-JUL-10','DD-MON-RR'),null,103);
Insert into BD_USER.CARS_SOLD (CAR_SOLD_ID,CAR_FOR_SALE_ID,AGREED_PRICE,DATE_SOLD,OTHER_DETAILS,CUSTOMER_ID) values (44000,34000,12000,to_date('23-MAR-14','DD-MON-RR'),null,104);
Insert into BD_USER.CARS_SOLD (CAR_SOLD_ID,CAR_FOR_SALE_ID,AGREED_PRICE,DATE_SOLD,OTHER_DETAILS,CUSTOMER_ID) values (45000,35000,5000,to_date('23-MAR-14','DD-MON-RR'),null,105);
Insert into BD_USER.CARS_SOLD (CAR_SOLD_ID,CAR_FOR_SALE_ID,AGREED_PRICE,DATE_SOLD,OTHER_DETAILS,CUSTOMER_ID) values (46000,36000,4600,to_date('23-AUG-12','DD-MON-RR'),null,106);
Insert into BD_USER.CARS_SOLD (CAR_SOLD_ID,CAR_FOR_SALE_ID,AGREED_PRICE,DATE_SOLD,OTHER_DETAILS,CUSTOMER_ID) values (47000,37000,4700,to_date('23-AUG-05','DD-MON-RR'),null,107);
REM INSERTING into BD_USER.CAR_FEATURES
SET DEFINE OFF;
Insert into BD_USER.CAR_FEATURES (CAR_FEATURE_ID,CAR_FEATURE_DESCRIPTION) values (10003,'Geamuri electrice, AC');
Insert into BD_USER.CAR_FEATURES (CAR_FEATURE_ID,CAR_FEATURE_DESCRIPTION) values (18001,'Geamuri electrice, AC');
Insert into BD_USER.CAR_FEATURES (CAR_FEATURE_ID,CAR_FEATURE_DESCRIPTION) values (10000,'AC,Comenzi volan');
Insert into BD_USER.CAR_FEATURES (CAR_FEATURE_ID,CAR_FEATURE_DESCRIPTION) values (11000,'Scaune din piele,AC,Comenzi volan');
Insert into BD_USER.CAR_FEATURES (CAR_FEATURE_ID,CAR_FEATURE_DESCRIPTION) values (12000,'Scaune din piele,AC');
Insert into BD_USER.CAR_FEATURES (CAR_FEATURE_ID,CAR_FEATURE_DESCRIPTION) values (13000,'Scaune din piele,Clima,ABS,ESP');
Insert into BD_USER.CAR_FEATURES (CAR_FEATURE_ID,CAR_FEATURE_DESCRIPTION) values (14000,'Scaune din piele,Clima,ABS,ESP,Computer de bord,Geamuri electrice');
Insert into BD_USER.CAR_FEATURES (CAR_FEATURE_ID,CAR_FEATURE_DESCRIPTION) values (15000,'Scaune din piele,ABS,Computer de bord,Geamuri electrice');
Insert into BD_USER.CAR_FEATURES (CAR_FEATURE_ID,CAR_FEATURE_DESCRIPTION) values (16000,'Scaune din piele,ABS,Computer de bord,Geamuri electrice,MP3, USB');
Insert into BD_USER.CAR_FEATURES (CAR_FEATURE_ID,CAR_FEATURE_DESCRIPTION) values (17000,'Scaune din piele,ABS,ESP,Computer de bord,MP3, USB');
Insert into BD_USER.CAR_FEATURES (CAR_FEATURE_ID,CAR_FEATURE_DESCRIPTION) values (18000,'Scaune din piele,ABS,ESP,Computer de bord,MP3,Volan incalzit,Scaune incalzite');
REM INSERTING into BD_USER.CUSTOMERS
SET DEFINE OFF;
Insert into BD_USER.CUSTOMERS (CUSTOMER_ID,PHONE,EMAIL,OTHER,FIRSTNAME,LASTNAME) values (102,111456789,'LDEHAAN',null,'Lex','De Haan');
Insert into BD_USER.CUSTOMERS (CUSTOMER_ID,PHONE,EMAIL,OTHER,FIRSTNAME,LASTNAME) values (100,123456789,'SKING','test','Steven','King');
Insert into BD_USER.CUSTOMERS (CUSTOMER_ID,PHONE,EMAIL,OTHER,FIRSTNAME,LASTNAME) values (101,113456789,'NKOCHHAR',null,'Neena','Kochhar');
Insert into BD_USER.CUSTOMERS (CUSTOMER_ID,PHONE,EMAIL,OTHER,FIRSTNAME,LASTNAME) values (103,112456789,'AHUNOLD',null,'Alexander','Hunold');
Insert into BD_USER.CUSTOMERS (CUSTOMER_ID,PHONE,EMAIL,OTHER,FIRSTNAME,LASTNAME) values (104,112456089,'BERNST',null,'Bruce','Ernst');
Insert into BD_USER.CUSTOMERS (CUSTOMER_ID,PHONE,EMAIL,OTHER,FIRSTNAME,LASTNAME) values (105,112456088,'DAUSTIN',null,'David','Austin');
Insert into BD_USER.CUSTOMERS (CUSTOMER_ID,PHONE,EMAIL,OTHER,FIRSTNAME,LASTNAME) values (106,112556088,'VPATABAL','Somer','Valli','Pataballa');
Insert into BD_USER.CUSTOMERS (CUSTOMER_ID,PHONE,EMAIL,OTHER,FIRSTNAME,LASTNAME) values (107,112576088,'DLORENTZ',null,'Diana','Lorentz');
Insert into BD_USER.CUSTOMERS (CUSTOMER_ID,PHONE,EMAIL,OTHER,FIRSTNAME,LASTNAME) values (108,112576788,'NGREENBE',null,'Nancy','Greenberg');
REM INSERTING into BD_USER.CUSTOMER_PAYMENTS
SET DEFINE OFF;
Insert into BD_USER.CUSTOMER_PAYMENTS (CUSTOMER_PAYMENT_ID,CAR_SOLD_ID,CUSTOMER_ID,PAYMENT_STATUS,CUSTOMER_PAYMENT_DATE) values (50000,40000,100,'paid',to_date('05-FEB-13','DD-MON-RR'));
Insert into BD_USER.CUSTOMER_PAYMENTS (CUSTOMER_PAYMENT_ID,CAR_SOLD_ID,CUSTOMER_ID,PAYMENT_STATUS,CUSTOMER_PAYMENT_DATE) values (51000,41000,101,'paid',to_date('05-FEB-13','DD-MON-RR'));
Insert into BD_USER.CUSTOMER_PAYMENTS (CUSTOMER_PAYMENT_ID,CAR_SOLD_ID,CUSTOMER_ID,PAYMENT_STATUS,CUSTOMER_PAYMENT_DATE) values (52000,42000,102,'paid',to_date('28-FEB-12','DD-MON-RR'));
Insert into BD_USER.CUSTOMER_PAYMENTS (CUSTOMER_PAYMENT_ID,CAR_SOLD_ID,CUSTOMER_ID,PAYMENT_STATUS,CUSTOMER_PAYMENT_DATE) values (53000,43000,103,'unpaid',to_date('28-MAY-12','DD-MON-RR'));
Insert into BD_USER.CUSTOMER_PAYMENTS (CUSTOMER_PAYMENT_ID,CAR_SOLD_ID,CUSTOMER_ID,PAYMENT_STATUS,CUSTOMER_PAYMENT_DATE) values (54000,44000,104,'paid',to_date('28-MAY-14','DD-MON-RR'));
Insert into BD_USER.CUSTOMER_PAYMENTS (CUSTOMER_PAYMENT_ID,CAR_SOLD_ID,CUSTOMER_ID,PAYMENT_STATUS,CUSTOMER_PAYMENT_DATE) values (55000,45000,105,'paid',to_date('28-MAY-14','DD-MON-RR'));
Insert into BD_USER.CUSTOMER_PAYMENTS (CUSTOMER_PAYMENT_ID,CAR_SOLD_ID,CUSTOMER_ID,PAYMENT_STATUS,CUSTOMER_PAYMENT_DATE) values (56000,46000,106,'unpaid',to_date('28-AUG-12','DD-MON-RR'));
Insert into BD_USER.CUSTOMER_PAYMENTS (CUSTOMER_PAYMENT_ID,CAR_SOLD_ID,CUSTOMER_ID,PAYMENT_STATUS,CUSTOMER_PAYMENT_DATE) values (57000,47000,107,'paid',to_date('28-AUG-06','DD-MON-RR'));
REM INSERTING into BD_USER.CUSTOMER_PREFERENCES
SET DEFINE OFF;
Insert into BD_USER.CUSTOMER_PREFERENCES (CUSTOMER_PREFERENCE_ID,CAR_FEATURE_ID,CUSTOMER_ID,CUSTOMER_PREF_DETAILS) values (20000,10000,100,'AC');
Insert into BD_USER.CUSTOMER_PREFERENCES (CUSTOMER_PREFERENCE_ID,CAR_FEATURE_ID,CUSTOMER_ID,CUSTOMER_PREF_DETAILS) values (21000,11000,101,'AC');
Insert into BD_USER.CUSTOMER_PREFERENCES (CUSTOMER_PREFERENCE_ID,CAR_FEATURE_ID,CUSTOMER_ID,CUSTOMER_PREF_DETAILS) values (22000,12000,102,'Scaune din piele');
Insert into BD_USER.CUSTOMER_PREFERENCES (CUSTOMER_PREFERENCE_ID,CAR_FEATURE_ID,CUSTOMER_ID,CUSTOMER_PREF_DETAILS) values (23000,13000,103,'ABS,ESP');
Insert into BD_USER.CUSTOMER_PREFERENCES (CUSTOMER_PREFERENCE_ID,CAR_FEATURE_ID,CUSTOMER_ID,CUSTOMER_PREF_DETAILS) values (24000,14000,104,'ABS,ESP');
Insert into BD_USER.CUSTOMER_PREFERENCES (CUSTOMER_PREFERENCE_ID,CAR_FEATURE_ID,CUSTOMER_ID,CUSTOMER_PREF_DETAILS) values (25000,15000,105,'AC,ESP');
Insert into BD_USER.CUSTOMER_PREFERENCES (CUSTOMER_PREFERENCE_ID,CAR_FEATURE_ID,CUSTOMER_ID,CUSTOMER_PREF_DETAILS) values (26000,16000,106,'AC,ESP,Geamuri electrice');
Insert into BD_USER.CUSTOMER_PREFERENCES (CUSTOMER_PREFERENCE_ID,CAR_FEATURE_ID,CUSTOMER_ID,CUSTOMER_PREF_DETAILS) values (27000,17000,107,'AC,ESP,Geamuri electrice');
Insert into BD_USER.CUSTOMER_PREFERENCES (CUSTOMER_PREFERENCE_ID,CAR_FEATURE_ID,CUSTOMER_ID,CUSTOMER_PREF_DETAILS) values (28000,18000,108,'AC,ESP,ABS,Volan incalzit');
REM INSERTING into BD_USER.INVOICES
SET DEFINE OFF;
Insert into BD_USER.INVOICES (CUSTOMER_ID,CAR_SOLD_ID,CUSTOMER_PAYMENT_ID) values (100,40000,50000);
Insert into BD_USER.INVOICES (CUSTOMER_ID,CAR_SOLD_ID,CUSTOMER_PAYMENT_ID) values (101,41000,51000);
Insert into BD_USER.INVOICES (CUSTOMER_ID,CAR_SOLD_ID,CUSTOMER_PAYMENT_ID) values (102,42000,52000);
Insert into BD_USER.INVOICES (CUSTOMER_ID,CAR_SOLD_ID,CUSTOMER_PAYMENT_ID) values (103,43000,53000);
REM INSERTING into BD_USER.USERS
SET DEFINE OFF;
Insert into BD_USER.USERS (USERNAME,PASSWORD,AUTHENTICATED) values ('Vlad','vlad',0);
Insert into BD_USER.USERS (USERNAME,PASSWORD,AUTHENTICATED) values ('Admin','admin',0);
Insert into BD_USER.USERS (USERNAME,PASSWORD,AUTHENTICATED) values ('user','user',0);
--------------------------------------------------------
--  DDL for Index INVOICES_PK
--------------------------------------------------------

  CREATE UNIQUE INDEX "BD_USER"."INVOICES_PK" ON "BD_USER"."INVOICES" ("CUSTOMER_ID") 
  PCTFREE 10 INITRANS 2 MAXTRANS 255 COMPUTE STATISTICS 
  STORAGE(INITIAL 65536 NEXT 1048576 MINEXTENTS 1 MAXEXTENTS 2147483645
  PCTINCREASE 0 FREELISTS 1 FREELIST GROUPS 1
  BUFFER_POOL DEFAULT FLASH_CACHE DEFAULT CELL_FLASH_CACHE DEFAULT)
  TABLESPACE "USERS" ;
--------------------------------------------------------
--  DDL for Index SYS_C0010166
--------------------------------------------------------

  CREATE UNIQUE INDEX "BD_USER"."SYS_C0010166" ON "BD_USER"."CUSTOMERS" ("CUSTOMER_ID") 
  PCTFREE 10 INITRANS 2 MAXTRANS 255 COMPUTE STATISTICS 
  STORAGE(INITIAL 65536 NEXT 1048576 MINEXTENTS 1 MAXEXTENTS 2147483645
  PCTINCREASE 0 FREELISTS 1 FREELIST GROUPS 1
  BUFFER_POOL DEFAULT FLASH_CACHE DEFAULT CELL_FLASH_CACHE DEFAULT)
  TABLESPACE "USERS" ;
--------------------------------------------------------
--  DDL for Index SYS_C0010167
--------------------------------------------------------

  CREATE UNIQUE INDEX "BD_USER"."SYS_C0010167" ON "BD_USER"."CAR_FEATURES" ("CAR_FEATURE_ID") 
  PCTFREE 10 INITRANS 2 MAXTRANS 255 COMPUTE STATISTICS 
  STORAGE(INITIAL 65536 NEXT 1048576 MINEXTENTS 1 MAXEXTENTS 2147483645
  PCTINCREASE 0 FREELISTS 1 FREELIST GROUPS 1
  BUFFER_POOL DEFAULT FLASH_CACHE DEFAULT CELL_FLASH_CACHE DEFAULT)
  TABLESPACE "USERS" ;
--------------------------------------------------------
--  DDL for Index SYS_C0010171
--------------------------------------------------------

  CREATE UNIQUE INDEX "BD_USER"."SYS_C0010171" ON "BD_USER"."CARS_FOR_SALE" ("CAR_FOR_SALE_ID") 
  PCTFREE 10 INITRANS 2 MAXTRANS 255 COMPUTE STATISTICS 
  STORAGE(INITIAL 65536 NEXT 1048576 MINEXTENTS 1 MAXEXTENTS 2147483645
  PCTINCREASE 0 FREELISTS 1 FREELIST GROUPS 1
  BUFFER_POOL DEFAULT FLASH_CACHE DEFAULT CELL_FLASH_CACHE DEFAULT)
  TABLESPACE "USERS" ;
--------------------------------------------------------
--  DDL for Index SYS_C0010181
--------------------------------------------------------

  CREATE UNIQUE INDEX "BD_USER"."SYS_C0010181" ON "BD_USER"."ADDRESSES" ("ADDRESS_ID") 
  PCTFREE 10 INITRANS 2 MAXTRANS 255 COMPUTE STATISTICS 
  STORAGE(INITIAL 65536 NEXT 1048576 MINEXTENTS 1 MAXEXTENTS 2147483645
  PCTINCREASE 0 FREELISTS 1 FREELIST GROUPS 1
  BUFFER_POOL DEFAULT FLASH_CACHE DEFAULT CELL_FLASH_CACHE DEFAULT)
  TABLESPACE "USERS" ;
--------------------------------------------------------
--  DDL for Index SYS_C0010184
--------------------------------------------------------

  CREATE UNIQUE INDEX "BD_USER"."SYS_C0010184" ON "BD_USER"."CUSTOMER_PREFERENCES" ("CUSTOMER_PREFERENCE_ID") 
  PCTFREE 10 INITRANS 2 MAXTRANS 255 COMPUTE STATISTICS 
  STORAGE(INITIAL 65536 NEXT 1048576 MINEXTENTS 1 MAXEXTENTS 2147483645
  PCTINCREASE 0 FREELISTS 1 FREELIST GROUPS 1
  BUFFER_POOL DEFAULT FLASH_CACHE DEFAULT CELL_FLASH_CACHE DEFAULT)
  TABLESPACE "USERS" ;
--------------------------------------------------------
--  DDL for Index SYS_C0010189
--------------------------------------------------------

  CREATE UNIQUE INDEX "BD_USER"."SYS_C0010189" ON "BD_USER"."CARS_SOLD" ("CAR_SOLD_ID") 
  PCTFREE 10 INITRANS 2 MAXTRANS 255 COMPUTE STATISTICS 
  STORAGE(INITIAL 65536 NEXT 1048576 MINEXTENTS 1 MAXEXTENTS 2147483645
  PCTINCREASE 0 FREELISTS 1 FREELIST GROUPS 1
  BUFFER_POOL DEFAULT FLASH_CACHE DEFAULT CELL_FLASH_CACHE DEFAULT)
  TABLESPACE "USERS" ;
--------------------------------------------------------
--  DDL for Index SYS_C0010194
--------------------------------------------------------

  CREATE UNIQUE INDEX "BD_USER"."SYS_C0010194" ON "BD_USER"."CUSTOMER_PAYMENTS" ("CUSTOMER_PAYMENT_ID") 
  PCTFREE 10 INITRANS 2 MAXTRANS 255 COMPUTE STATISTICS 
  STORAGE(INITIAL 65536 NEXT 1048576 MINEXTENTS 1 MAXEXTENTS 2147483645
  PCTINCREASE 0 FREELISTS 1 FREELIST GROUPS 1
  BUFFER_POOL DEFAULT FLASH_CACHE DEFAULT CELL_FLASH_CACHE DEFAULT)
  TABLESPACE "USERS" ;
--------------------------------------------------------
--  DDL for Index SYS_C0010207
--------------------------------------------------------

  CREATE UNIQUE INDEX "BD_USER"."SYS_C0010207" ON "BD_USER"."USERS" ("USERNAME") 
  PCTFREE 10 INITRANS 2 MAXTRANS 255 COMPUTE STATISTICS 
  STORAGE(INITIAL 65536 NEXT 1048576 MINEXTENTS 1 MAXEXTENTS 2147483645
  PCTINCREASE 0 FREELISTS 1 FREELIST GROUPS 1
  BUFFER_POOL DEFAULT FLASH_CACHE DEFAULT CELL_FLASH_CACHE DEFAULT)
  TABLESPACE "USERS" ;
--------------------------------------------------------
--  Constraints for Table ADDRESSES
--------------------------------------------------------

  ALTER TABLE "BD_USER"."ADDRESSES" MODIFY ("CUSTOMER_ID" NOT NULL ENABLE);
  ALTER TABLE "BD_USER"."ADDRESSES" MODIFY ("ADDRESS" NOT NULL ENABLE);
  ALTER TABLE "BD_USER"."ADDRESSES" MODIFY ("TOWN_CITY" NOT NULL ENABLE);
  ALTER TABLE "BD_USER"."ADDRESSES" MODIFY ("COUNTRY" NOT NULL ENABLE);
  ALTER TABLE "BD_USER"."ADDRESSES" MODIFY ("POST_CODE" NOT NULL ENABLE);
  ALTER TABLE "BD_USER"."ADDRESSES" ADD PRIMARY KEY ("ADDRESS_ID")
  USING INDEX PCTFREE 10 INITRANS 2 MAXTRANS 255 COMPUTE STATISTICS 
  STORAGE(INITIAL 65536 NEXT 1048576 MINEXTENTS 1 MAXEXTENTS 2147483645
  PCTINCREASE 0 FREELISTS 1 FREELIST GROUPS 1
  BUFFER_POOL DEFAULT FLASH_CACHE DEFAULT CELL_FLASH_CACHE DEFAULT)
  TABLESPACE "USERS"  ENABLE;
--------------------------------------------------------
--  Constraints for Table CARS_FOR_SALE
--------------------------------------------------------

  ALTER TABLE "BD_USER"."CARS_FOR_SALE" MODIFY ("MANUFACTURER_NAME" NOT NULL ENABLE);
  ALTER TABLE "BD_USER"."CARS_FOR_SALE" MODIFY ("MODEL_NAME" NOT NULL ENABLE);
  ALTER TABLE "BD_USER"."CARS_FOR_SALE" MODIFY ("VEHICLE_CATEGORY" NOT NULL ENABLE);
  ALTER TABLE "BD_USER"."CARS_FOR_SALE" ADD PRIMARY KEY ("CAR_FOR_SALE_ID")
  USING INDEX PCTFREE 10 INITRANS 2 MAXTRANS 255 COMPUTE STATISTICS 
  STORAGE(INITIAL 65536 NEXT 1048576 MINEXTENTS 1 MAXEXTENTS 2147483645
  PCTINCREASE 0 FREELISTS 1 FREELIST GROUPS 1
  BUFFER_POOL DEFAULT FLASH_CACHE DEFAULT CELL_FLASH_CACHE DEFAULT)
  TABLESPACE "USERS"  ENABLE;
  ALTER TABLE "BD_USER"."CARS_FOR_SALE" MODIFY ("CAR_FEATURES_ID" NOT NULL ENABLE);
--------------------------------------------------------
--  Constraints for Table CARS_SOLD
--------------------------------------------------------

  ALTER TABLE "BD_USER"."CARS_SOLD" MODIFY ("CAR_FOR_SALE_ID" NOT NULL ENABLE);
  ALTER TABLE "BD_USER"."CARS_SOLD" ADD PRIMARY KEY ("CAR_SOLD_ID")
  USING INDEX PCTFREE 10 INITRANS 2 MAXTRANS 255 COMPUTE STATISTICS 
  STORAGE(INITIAL 65536 NEXT 1048576 MINEXTENTS 1 MAXEXTENTS 2147483645
  PCTINCREASE 0 FREELISTS 1 FREELIST GROUPS 1
  BUFFER_POOL DEFAULT FLASH_CACHE DEFAULT CELL_FLASH_CACHE DEFAULT)
  TABLESPACE "USERS"  ENABLE;
  ALTER TABLE "BD_USER"."CARS_SOLD" MODIFY ("CUSTOMER_ID" NOT NULL ENABLE);
--------------------------------------------------------
--  Constraints for Table CAR_FEATURES
--------------------------------------------------------

  ALTER TABLE "BD_USER"."CAR_FEATURES" ADD PRIMARY KEY ("CAR_FEATURE_ID")
  USING INDEX PCTFREE 10 INITRANS 2 MAXTRANS 255 COMPUTE STATISTICS 
  STORAGE(INITIAL 65536 NEXT 1048576 MINEXTENTS 1 MAXEXTENTS 2147483645
  PCTINCREASE 0 FREELISTS 1 FREELIST GROUPS 1
  BUFFER_POOL DEFAULT FLASH_CACHE DEFAULT CELL_FLASH_CACHE DEFAULT)
  TABLESPACE "USERS"  ENABLE;
--------------------------------------------------------
--  Constraints for Table CUSTOMERS
--------------------------------------------------------

  ALTER TABLE "BD_USER"."CUSTOMERS" MODIFY ("PHONE" NOT NULL ENABLE);
  ALTER TABLE "BD_USER"."CUSTOMERS" ADD PRIMARY KEY ("CUSTOMER_ID")
  USING INDEX PCTFREE 10 INITRANS 2 MAXTRANS 255 COMPUTE STATISTICS 
  STORAGE(INITIAL 65536 NEXT 1048576 MINEXTENTS 1 MAXEXTENTS 2147483645
  PCTINCREASE 0 FREELISTS 1 FREELIST GROUPS 1
  BUFFER_POOL DEFAULT FLASH_CACHE DEFAULT CELL_FLASH_CACHE DEFAULT)
  TABLESPACE "USERS"  ENABLE;
  ALTER TABLE "BD_USER"."CUSTOMERS" MODIFY ("FIRSTNAME" NOT NULL ENABLE);
  ALTER TABLE "BD_USER"."CUSTOMERS" MODIFY ("LASTNAME" NOT NULL ENABLE);
--------------------------------------------------------
--  Constraints for Table CUSTOMER_PAYMENTS
--------------------------------------------------------

  ALTER TABLE "BD_USER"."CUSTOMER_PAYMENTS" MODIFY ("CAR_SOLD_ID" NOT NULL ENABLE);
  ALTER TABLE "BD_USER"."CUSTOMER_PAYMENTS" MODIFY ("CUSTOMER_ID" NOT NULL ENABLE);
  ALTER TABLE "BD_USER"."CUSTOMER_PAYMENTS" MODIFY ("PAYMENT_STATUS" NOT NULL ENABLE);
  ALTER TABLE "BD_USER"."CUSTOMER_PAYMENTS" MODIFY ("CUSTOMER_PAYMENT_DATE" NOT NULL ENABLE);
  ALTER TABLE "BD_USER"."CUSTOMER_PAYMENTS" ADD PRIMARY KEY ("CUSTOMER_PAYMENT_ID")
  USING INDEX PCTFREE 10 INITRANS 2 MAXTRANS 255 COMPUTE STATISTICS 
  STORAGE(INITIAL 65536 NEXT 1048576 MINEXTENTS 1 MAXEXTENTS 2147483645
  PCTINCREASE 0 FREELISTS 1 FREELIST GROUPS 1
  BUFFER_POOL DEFAULT FLASH_CACHE DEFAULT CELL_FLASH_CACHE DEFAULT)
  TABLESPACE "USERS"  ENABLE;
--------------------------------------------------------
--  Constraints for Table CUSTOMER_PREFERENCES
--------------------------------------------------------

  ALTER TABLE "BD_USER"."CUSTOMER_PREFERENCES" MODIFY ("CAR_FEATURE_ID" NOT NULL ENABLE);
  ALTER TABLE "BD_USER"."CUSTOMER_PREFERENCES" MODIFY ("CUSTOMER_ID" NOT NULL ENABLE);
  ALTER TABLE "BD_USER"."CUSTOMER_PREFERENCES" ADD PRIMARY KEY ("CUSTOMER_PREFERENCE_ID")
  USING INDEX PCTFREE 10 INITRANS 2 MAXTRANS 255 COMPUTE STATISTICS 
  STORAGE(INITIAL 65536 NEXT 1048576 MINEXTENTS 1 MAXEXTENTS 2147483645
  PCTINCREASE 0 FREELISTS 1 FREELIST GROUPS 1
  BUFFER_POOL DEFAULT FLASH_CACHE DEFAULT CELL_FLASH_CACHE DEFAULT)
  TABLESPACE "USERS"  ENABLE;
--------------------------------------------------------
--  Constraints for Table INVOICES
--------------------------------------------------------

  ALTER TABLE "BD_USER"."INVOICES" MODIFY ("CUSTOMER_ID" NOT NULL ENABLE);
  ALTER TABLE "BD_USER"."INVOICES" MODIFY ("CAR_SOLD_ID" NOT NULL ENABLE);
  ALTER TABLE "BD_USER"."INVOICES" MODIFY ("CUSTOMER_PAYMENT_ID" NOT NULL ENABLE);
  ALTER TABLE "BD_USER"."INVOICES" ADD CONSTRAINT "INVOICES_PK" PRIMARY KEY ("CUSTOMER_ID")
  USING INDEX PCTFREE 10 INITRANS 2 MAXTRANS 255 COMPUTE STATISTICS 
  STORAGE(INITIAL 65536 NEXT 1048576 MINEXTENTS 1 MAXEXTENTS 2147483645
  PCTINCREASE 0 FREELISTS 1 FREELIST GROUPS 1
  BUFFER_POOL DEFAULT FLASH_CACHE DEFAULT CELL_FLASH_CACHE DEFAULT)
  TABLESPACE "USERS"  ENABLE;
--------------------------------------------------------
--  Constraints for Table USERS
--------------------------------------------------------

  ALTER TABLE "BD_USER"."USERS" MODIFY ("PASSWORD" NOT NULL ENABLE);
  ALTER TABLE "BD_USER"."USERS" ADD PRIMARY KEY ("USERNAME")
  USING INDEX PCTFREE 10 INITRANS 2 MAXTRANS 255 COMPUTE STATISTICS 
  STORAGE(INITIAL 65536 NEXT 1048576 MINEXTENTS 1 MAXEXTENTS 2147483645
  PCTINCREASE 0 FREELISTS 1 FREELIST GROUPS 1
  BUFFER_POOL DEFAULT FLASH_CACHE DEFAULT CELL_FLASH_CACHE DEFAULT)
  TABLESPACE "USERS"  ENABLE;
  ALTER TABLE "BD_USER"."USERS" MODIFY ("AUTHENTICATED" NOT NULL ENABLE);
--------------------------------------------------------
--  Ref Constraints for Table ADDRESSES
--------------------------------------------------------

  ALTER TABLE "BD_USER"."ADDRESSES" ADD FOREIGN KEY ("CUSTOMER_ID")
	  REFERENCES "BD_USER"."CUSTOMERS" ("CUSTOMER_ID") ENABLE;
--------------------------------------------------------
--  Ref Constraints for Table CARS_FOR_SALE
--------------------------------------------------------

  ALTER TABLE "BD_USER"."CARS_FOR_SALE" ADD FOREIGN KEY ("CAR_FEATURES_ID")
	  REFERENCES "BD_USER"."CAR_FEATURES" ("CAR_FEATURE_ID") ENABLE;
--------------------------------------------------------
--  Ref Constraints for Table CARS_SOLD
--------------------------------------------------------

  ALTER TABLE "BD_USER"."CARS_SOLD" ADD FOREIGN KEY ("CAR_FOR_SALE_ID")
	  REFERENCES "BD_USER"."CARS_FOR_SALE" ("CAR_FOR_SALE_ID") ENABLE;
  ALTER TABLE "BD_USER"."CARS_SOLD" ADD FOREIGN KEY ("CUSTOMER_ID")
	  REFERENCES "BD_USER"."CUSTOMERS" ("CUSTOMER_ID") ENABLE;
--------------------------------------------------------
--  Ref Constraints for Table CUSTOMER_PAYMENTS
--------------------------------------------------------

  ALTER TABLE "BD_USER"."CUSTOMER_PAYMENTS" ADD FOREIGN KEY ("CAR_SOLD_ID")
	  REFERENCES "BD_USER"."CARS_SOLD" ("CAR_SOLD_ID") ENABLE;
  ALTER TABLE "BD_USER"."CUSTOMER_PAYMENTS" ADD FOREIGN KEY ("CUSTOMER_ID")
	  REFERENCES "BD_USER"."CUSTOMERS" ("CUSTOMER_ID") ENABLE;
--------------------------------------------------------
--  Ref Constraints for Table CUSTOMER_PREFERENCES
--------------------------------------------------------

  ALTER TABLE "BD_USER"."CUSTOMER_PREFERENCES" ADD FOREIGN KEY ("CUSTOMER_ID")
	  REFERENCES "BD_USER"."CUSTOMERS" ("CUSTOMER_ID") ENABLE;
  ALTER TABLE "BD_USER"."CUSTOMER_PREFERENCES" ADD FOREIGN KEY ("CAR_FEATURE_ID")
	  REFERENCES "BD_USER"."CAR_FEATURES" ("CAR_FEATURE_ID") ENABLE;
--------------------------------------------------------
--  Ref Constraints for Table INVOICES
--------------------------------------------------------

  ALTER TABLE "BD_USER"."INVOICES" ADD CONSTRAINT "INVOICES_R01" FOREIGN KEY ("CUSTOMER_ID")
	  REFERENCES "BD_USER"."CUSTOMERS" ("CUSTOMER_ID") ON DELETE SET NULL ENABLE;
  ALTER TABLE "BD_USER"."INVOICES" ADD CONSTRAINT "INVOICES_R02" FOREIGN KEY ("CAR_SOLD_ID")
	  REFERENCES "BD_USER"."CARS_SOLD" ("CAR_SOLD_ID") ON DELETE SET NULL ENABLE;
  ALTER TABLE "BD_USER"."INVOICES" ADD CONSTRAINT "INVOICES_R03" FOREIGN KEY ("CUSTOMER_PAYMENT_ID")
	  REFERENCES "BD_USER"."CUSTOMER_PAYMENTS" ("CUSTOMER_PAYMENT_ID") ON DELETE SET NULL ENABLE;
